Internal Name,Display Name,Activate Function,Update Function,Flags,Description,Icon Index,2D Sound,Rate of Fire - Cooldown (secs),Shots per Volley,Duration or interpulse cooldown (secs),Tier0 Targetting Priority (0-5 lower is better except 0 means never target this Tier),Tier1 Targetting Priority,Tier2 Targetting Priority,Tier3 Targetting Priority,Air Targetting Priority,Bldg Targetting Priority,Firing Arc Yaw (rads),Firing Arc Pitch (rads),Swivel Yaw Clamp (rads) -- -1 for ignore this,Swivel Pitch Clamp (rads),Firing Arc Turn Rate (rad/Secs),Min Firing Range (meters),Max Firing Range (meters),Tracking Distance (this is how far out this weapon is willing to look for targets (and turn towards them)),Max Shot Travel Distance (meters) - can be further than Max Firing Distance (in Ashes this is cosmetic),SpecificMagicNum,AOE,AP Rating (99 for Armor Piercing attack -- which is also what heals should use),Base Accuracy,Damage per Impact,Scanning,Impact Type,Weapon Type,SpecificMagicNum2,Motion Path Type,Projectile Speed (m/s),Required Energy or Quanta,Additional quanta per cast (for orbitals only,Weapon Visual,Required Flags
Annihilator Cannon,Annihilator Cannon_Name,,OmniTarget4000WeaponUpdate,ShowModule RadarTargets,Annihilator Cannon_Desc,6,,3.5,1,0,5,3,2,1,4,0,0.104719755,0.104719755,3.141592654,1.570796327,3.141592654,50,750,800,900,0,0,0,90,50,1,Direct,Bolt,0,45,1250,0,0,SeedRailGun,
Apollo Autocannon,Apollo Autocannon_Name,,OmniTarget4000WeaponUpdate,ClampPitch ShowModule,Apollo Autocannon_Desc,9,,4.5,20,0.04,1,0,0,0,2,0,0.104719755,0.104719755,2.617993878,1.570796327,3.141592654,0,1200,1250,2000,0,0,0,15,6,1,Direct,Kinetic,17,26,600,0,0,ApolloAutocannon,
Artemis Harpoon SAM,Artemis Harpoon SAM_Name,,OmniTarget4000WeaponUpdate,ShowModule Indirect RadarTargets,Artemis Harpoon SAM_Desc,14,,6,1,0,0,0,0,0,0,1,0.104719755,0.104719755,-1,1.570796327,3.141592654,100,1250,1250,2000,0,100,99,99,400,1,Direct,Explosive,0,14,160,0,0,Harpoon,
Artemis Missile Barrage,Artemis Missile Barrage_Name,,OmniTarget4000PodWeaponUpdate,Indirect ShowModule RadarTargets,Artemis Missile Barrage_Desc,16,,4.9,2,0.1875,0,1,2,3,0,0,1.570796327,1.570796327,0,1.570796327,3.141592654,250,1000,1000,3600,3,60,0,66,32,0,Dispersed,Explosive,6,29,200,0,0,ArtemisMissile,
Atropos Missiles,Atropos Missiles_Name,,OmniTarget4000PodWeaponUpdate,ShowModule,Atropos Missiles_Desc,13,,6,2,0.1875,0,0,0,0,1,0,3.141592654,0.785398163,-1,1.570796327,6.283185307,50,500,600,1500,8,0,0,70,50,0,Direct,Explosive,2,14,300,0,0,FuryMissile,
Battery Autocannon,Battery Autocannon_Name,,OmniTarget4000WeaponUpdate,ShowModule,Module_NOT_CURRENTLY_USED,5,,4.5,6,0.04,2,1,1,3,0,4,0.104719755,0.104719755,0.104719755,0.104719755,3.141592654,0,600,720,1800,0,0,0,60,4,1,Direct,Kinetic,0,26,600,0,0,BatteryAutocannon,
Smarty Defense System,Smarty Defense System_Name,,OmniTarget4000PodWeaponUpdate,Indirect ShowModule RadarTargets,Smarty Defense System_Desc,15,,2.1,2,0.12,3,1,2,4,2,4,0.104719755,0.104719755,-1,1.570796327,3.141592654,30,800,800,1500,11,0,0,66,15,1,Direct,Explosive,8,54,200,0,0,SmartyMissile,
CaptureBeam,CaptureBeam_Name,,FakeCaptureWeaponUpdate,,Module_NO_TOOLTIP_NEEDED,6,,0.5,1,0,0,0,0,0,0,0,0.104719755,0.104719755,-1,0.523598776,6.283185307,0,300,300,350,0,0,0,0,0,0,Direct,Bolt,0,33,75,0,0,CaptureRay,
HarvesterBeam,HarvesterBeam_Name,,FakeHarvesterBeamWeaponUpdate,,Module_NO_TOOLTIP_NEEDED,6,,0.5,1,0,0,0,0,0,0,0,0.104719755,0.104719755,-1,0.523598776,6.283185307,0,300,300,350,0,0,0,0,0,0,Direct,Bolt,0,33,75,0,0,CaptureRay,
Centaur Missile System,Centaur Missile System_Name,,OmniTarget4000PodWeaponUpdate,Indirect ShowModule RadarTargets,Centaur Missile System_Desc,13,,9,8,0.23,0,3,1,2,0,4,1.570796327,1.570796327,0.523598776,0,0.785398163,300,1850,1850,5550,7,60,0,50,45,0,Dispersed,Explosive,16,29,180,0,0,CentaurMissiles,
Centaur Missile System Mirv Submunition,Centaur Missile System_Name,,OmniTarget4000PodWeaponUpdate,Indirect ShowModule RadarTargets,Centaur Missile System_Desc,13,,9,8,0.23,0,3,1,2,0,4,1.570796327,1.570796327,0.523598776,0,0.785398163,300,1850,1850,5550,0,0,0,100,0,1,Dispersed,Explosive,16,60,200,0,0,CentaurMirvSubmunition,
Centaur Missile System Mirv,Centaur Missile System_Name,,OmniTarget4000PodWeaponUpdate,Indirect ShowModule RadarTargets,Centaur Missile System_Desc,13,,9,8,0.23,0,3,1,2,0,4,1.570796327,1.570796327,0.523598776,0,0.785398163,300,1850,1850,5550,7,60,0,50,45,1,Dispersed,Explosive,16,60,180,0,0,CentaurMissiles,
Centaur Rail Cannon,Centaur Rail Cannon_Name,,OmniTarget4000WeaponUpdate,ShowModule,Centaur Rail Cannon_Desc,1,,3,3,0.43,0,3,1,2,0,4,0.104719755,0.104719755,1.047197551,0.785398163,1.570796327,0,300,720,1800,0,0,0,80,20,1,Direct,Kinetic,0,45,1250,0,0,CentaurRailCannon,
Controller Plasma Bolts,Controller Plasma Bolts_Name,,OmniTarget4000WeaponUpdate,ShowModule,Controller Plasma Bolts_Desc,9,,1.9,4,0.2,3,2,2,1,2,4,0.052359878,0.052359878,0.785398,0.785398,3.141592654,50,600,720,1800,0,0,0,75,10,1,Direct,Bolt,0,18,900,0,0,ControllerBolt,
ControllerRailgun,ControllerRailgun_Name,,OmniTarget4000WeaponUpdate,ShowModule,Module_NOT_CURRENTLY_USED,,,5.5,1,0,3,1,1,2,5,4,0.104719755,0.104719755,1.308996939,1.570796327,1.570796327,25,450,540,1350,0,0,0,99,100,1,Direct,Kinetic,0,18,900,0,0,DualControllerRailgun,
Creep1Weapon,Creep1Weapon_Name,,OmniTarget4000WeaponUpdate,Indirect ShowModule,Creep1Weapon_Desc,,,3,1,0.1875,4,1,2,3,0,4,0.392699082,0.392699082,4.71238898,1.178097245,3.141592654,100,500,750,1800,6,0,0,55,3,1,Direct,Explosive,0,48,125,0,0,CreepDroneBomb,
Creep2Weapon,Creep2Weapon_Name,,OmniTarget4000WeaponUpdate,ShowModule,Creep2Weapon_Desc,,,2,2,0.25,0,1,2,3,0,4,0.104719755,0.104719755,0.104719755,0.785398163,3.141592654,0,300,360,900,0,0,0,55,4,0,Direct,Bolt,0,18,600,0,0,CreepPlasmaBolt,
DataTransmitter,DataTransmitter_Name,,FakeDataTransferUpdate,NoScan,Module_NO_TOOLTIP_NEEDED,,,3.5,1,0,0,0,0,0,0,0,6.283185307,3.141592654,-1,0.523598776,6.283185307,0,6000,7200,18000,0,0,0,0,0,0,Direct,Bolt,0,47,50,0,0,GroundHugger2,
Death Blossom,Death Blossom_Name,StartInactiveActivate,DeathBlossomWeaponUpdate,Indirect SpecialAbility ShowModule,Death Blossom_Desc,15,,20,20,0.05,1,2,2,4,0,3,6.283185307,3.141592654,0,0,0,0,500,600,1500,0,500,0,99,200,0,Direct,Explosive,0,40,75,100,0,DeathBlossom,
Death Ray,Death Ray_Name,,DeathRayWeaponUpdate,SpecialAbility,Module_NOT_CURRENTLY_USED,7,,45,1,5,0,4,2,1,0,3,0.20944,0.104719755,1.308996939,0.130899694,1.570796327,250,600,720,1800,1,0,0,99,225,1,OverTime,Beam,4,35,6000,100,0,DeathRay,
Devastate,Devastate_Name,StartInactiveActivate,DevastateWeaponUpdate,Indirect SpecialAbility ShowModule RadarTargets,Devastate_Desc,13,,60,36,0.05,0,0,0,0,0,1,0.104719755,0.104719755,1.570796327,0.785398163,3.141592654,400,1200,1250,3600,0,50,0,99,40,0,Dispersed,Explosive,0,41,150,100,0,CentaurDevastate,
Drive Inhibition Field Projector,Drive Inhibition Field Projector_Name,,DriveInhibitorUpdate,ShowModule,Drive Inhibition Field Projector_Name,,,0.25,1,1.5,3,2,2,1,4,0,6.283185307,3.141592654,0,0,0,0,800,960,800,0,800,0,0,0,0,OverTime,Beam,0,37,6000,0,0,SlowFieldPulse,
Drone Bombs,Drone Bombs_Name,,OmniTarget4000WeaponUpdate,ShowModule,Drone Bombs_Desc,,,5,10,0.04,1,2,2,3,0,4,6.283185307,3.141592654,0,0,0,0,500,600,1500,0,0,0,30,20,0,Direct,Explosive,0,14,175,0,0,DroneBomb,
Drone Swarm Launcher,Drone Swarm Launcher_Name,,DroneSwarmLauncherWeaponUpdate,Indirect ShowModule,Drone Swarm Launcher_Desc,,,15,8,0.1,2,1,1,3,0,4,6.283185307,3.141592654,0,0,0,0,1111,1250,3000,0,0,0,99,500,0,OverTime,Bolt,0,31,50,100,0,GuidedDrone,
Drone Swarm Launcher 2,Drone Swarm Launcher_Name,,DroneSwarmLauncherWeaponUpdate,Indirect ShowModule,Drone Swarm Launcher_Desc,,,15,8,0.1,2,1,1,3,0,4,6.283185307,3.141592654,0,0,0,0,1111,1250,3000,0,0,0,99,500,0,OverTime,Bolt,0,31,50,0,0,GuidedDrone,
Drone01 Autocannon,Drone01 Autocannon_Name,,OmniTarget4000WeaponUpdate,ShowModule,Drone01 Autocannon_Desc,6,,2.2,7,0.125,1,2,3,4,0,5,0.104719755,0.104719755,0.7854,0.7854,6.283185307,0,400,480,1200,0,0,0,70,2,0,Direct,Kinetic,0,26,900,0,0,Drone01Autocannon,
Drone02 Heal Ray,Drone02 Heal Ray_Name,,HealRayWeaponUpdate,ShowModule,Drone02 Heal Ray_Desc,11,,1,1,1,0,3,2,1,5,4,0.104719755,0.104719755,0.523598776,3.141592654,4.71238898,25,250,300,250,10,0,99,100,25,1,OverTime,Beam,0,15,6000,0,0,DroneHealBeam,
Drone03Bolt,Drone03Bolt_Name,,OmniTarget4000WeaponUpdate,ShowModule,Drone03Bolt_Desc,6,,2.8,4,0.333333,4,1,2,3,4,3,0.104719755,0.104719755,0.7854,1.570796327,6.283185307,0,400,480,600,0,0,0,99,5,1,Direct,Bolt,3,18,600,0,0,Drone03PulseLaser,
DSDS,DSDS_Name,,OmniTarget4000WeaponUpdate,ShowModule,Module_NOT_CURRENTLY_USED,,,2,32,0.1,2,3,3,4,1,5,3.141592654,0.785398163,-1,1.570796327,6.283185307,125,750,900,2250,0,0,0,50,5,1,Direct,Explosive,0,32,200,0,0,DSDS,
Dual Air Plasma Cannon,Dual Air Plasma Cannon_Name,,OmniTarget4000WeaponUpdate,ShowModule,Module_NOT_CURRENTLY_USED,,,3.5,5,0.5,4,4,2,3,1,3,0.104719755,0.104719755,0.261799388,1.570796327,3.141592654,0,1200,1250,2250,0,0,0,99,30,1,Direct,Bolt,0,18,1000,0,0,TwinPlasmaBolt,
Dual Laser,Dual Laser_Name,,OmniTarget4000WeaponUpdate,ShowModule,Module_NOT_CURRENTLY_USED,,,1,1,3,1,2,2,3,5,4,0.104719755,0.104719755,2.094395102,1.570796327,3.141592654,0,350,420,1050,0,0,0,99,1,1,Direct,Bolt,0,18,600,0,0,PulseLaser,
Dual Pulse Laser,Dual Pulse Laser_Name,,OmniTarget4000WeaponUpdate,ShowModule,Dual Pulse Laser_Desc,,,6,2,0.1,0,1,2,3,0,4,0.104719755,0.104719755,2.094395102,1.570796327,3.141592654,300,500,600,1050,0,0,0,67,12,1,Direct,Bolt,0,18,1800,0,0,PulseLaser,
Dual Railgun,Dual Railgun_Name,,OmniTarget4000WeaponUpdate,ShowModule,Module_NOT_CURRENTLY_USED,,,5.5,1,0,1,2,2,3,0,4,0.104719755,0.104719755,1.308996939,1.570796327,1.570796327,50,450,540,1350,0,0,0,99,10,1,Direct,Kinetic,0,18,1800,0,0,DualRailgun,
Energizer Heal Ray,Energizer Heal Ray_Name,,HealRayWeaponUpdate,ShowModule,Energizer Heal Ray_Desc,11,,1.3,1,0.6,0,3,2,1,4,0,0.785398163,0.785398163,-1,0.785398163,3.141592654,5,300,500,500,0,0,99,100,100,1,OverTime,Beam,0,15,6000,0,0,HealBeam,
EngineerBuildRay,EngineerBuildRay_Name,,BuildRayWeaponUpdate,ShowModule,EngineerBuildRay_Desc,11,,0.25,1,0,0,0,0,0,0,0,0.104719755,0.104719755,-1,0.523598776,6.283185307,0,540,648,1620,0,0,0,0,0,0,Direct,Bolt,0,49,50,0,0,ConstructBeam,
Falcon AA Autocannon,Falcon AA Autocannon_Name,,OmniTarget4000PodWeaponUpdate,ClampPitch ShowModule RadarTargets ScanPitch30,Falcon AA Autocannon_Desc,7,,1.8,12,0.05,2,0,0,0,1,0,0.052359878,0.052359878,-1,1.570796327,2.094395102,0,1250,1500,2250,9,150,0,80,25,1,Direct,Explosive,2,17,1000,0,0,FalconFlak,
Sky Pointy Ender,Sky Pointy Ender_Name,,OmniTarget4000PodWeaponUpdate,ClampPitch ShowModule RadarTargets,Sky Pointy Ender_Desc,7,,1.8,12,0.05,2,0,0,0,1,0,0.052359878,0.052359878,-1,1.570796327,2.094395102,0,1250,1500,2250,9,150,0,80,25,1,Direct,Explosive,2,17,1000,0,0,ForceProjector,
Flak Cannon,Flak Cannon_Name,,OmniTarget4000WeaponUpdate,ClampPitch45 ShowModule,Flak Cannon_Desc,7,,3.2,8,0.05,2,0,0,0,1,0,0.104719755,0.104719755,-1,4.71238898,2.617993878,150,800,960,2400,0,80,0,70,20,1,Direct,Explosive,0,17,750,0,0,FlakCannon,
Fury Cannon,Fury Cannon_Name,,OmniTarget4000WeaponUpdate,ShowModule,Fury Cannon_Desc,8,,0.8,16,0.04,0,0,0,0,1,0,0.209,0.209,0.209,0.104719755,6.283185307,0,300,360,900,0,0,0,99,20,1,Direct,Kinetic,0,18,800,0,0,FuryCannon,
Heal Projector,Heal Projector_Name,StartInactiveActivate,HealProjectorWeaponUpdate,SpecialAbility ShowModule,Heal Projector_Desc,11,,30,1,5,0,0,0,0,0,0,6.283185307,3.141592654,0,0,0,0,500,600,500,1,500,99,100,100,0,OverTime,Beam,0,57,6000,100,0,HercAreaHeal,
Hercules Autocannon,Hercules Autocannon_Name,,OmniTarget4000WeaponUpdate,ShowModule,Hercules Autocannon_Desc,8,,2.2,6,0.1,3,1,2,4,0,0,0.104719755,0.104719755,1.963495408,0.785398163,3.141592654,0,300,360,900,0,0,0,80,12,1,Direct,Kinetic,0,26,600,0,0,HercAutocannon,
Hercules Laser Pulse Cannon,Hercules Laser Pulse Cannon_Name,,OmniTarget4000WeaponUpdate,ShowModule,Hercules Laser Pulse Cannon_Desc,3,,2.6,2,0.14,0,4,1,2,0,3,0.104719755,0.104719755,0.471238898,0.523598776,1.570796327,200,700,840,2100,0,0,4,99,60,0,Direct,Bolt,197,45,900,0,0,HercParticleBeam,
Hyena Laser Cutting Array,Hyena Laser Cutting Array_Name,,OmniTarget4000LinkedBeamWeaponUpdate,ShowModule,Hyena Laser Cutting Array_Desc,,,2.8,1,2.2,0,0,2,1,0,0,0.104719755,0.104719755,0.523598776,0.523598776,3.141592654,0,400,800,600,2,0,16,99,82,1,OverTime,Beam,4,30,4000,10,0,HyenaParticleBeam,
Ion Cannon,Ion Cannon_Name,,OmniTarget4000WeaponUpdate,ShowModule,Ion Cannon_Desc,,,1,1,0,0,4,3,1,0,2,0.104719755,0.104719755,1.570796327,0.785398163,3.141592654,0,700,700,700,0,0,0,99,40,1,Direct,Bolt,0,18,600,0,0,IonCannon,
Martyr Drones,Martyr Drones_Name,,OmniTarget4000WeaponUpdate,Indirect ClampPitch ShowModule,Martyr Drones_Desc,,,2.1,4,0.36,4,1,2,3,0,4,0.785398163,0.785398163,0.785398163,0.785398163,1.570796327,0,300,600,400,6,0,0,99,4,0,Direct,Explosive,0,48,100,0,0,MartyrDroneBomb,
Matrix Cannon,Matrix Cannon_Name,,OmniTarget4000WeaponUpdate,ShowModule,Module_NOT_CURRENTLY_USED,,,10,1,3,1,2,2,3,0,4,0.523598776,0.523598776,0,0,0,0,200,240,600,0,0,0,99,5,0,OverTime,EMP,0,14,6000,0,0,MatrixCannon,
Mayhem Cannon,Mayhem Cannon_Name,,OmniTarget4000WeaponUpdate,ShowModule,Mayhem Cannon_Desc,,,2.2,2,0.7,0,1,0,0,0,0,0.104719755,0.104719755,0.104719755,0.104719755,1.570796327,0,500,600,1050,0,0,4,99,60,1,OverTime,Kinetic,0,18,750,0,0,Mayhem,
Mk 37 Protection Field Projector,Mk 37 Protection Field Projector_Name,,BubbleProjectorUpdate,SpecialAbility ShowModule,Mk 37 Protection Field Projector_Desc,11,,60,1,5,3,2,2,1,4,0,6.283185307,3.141592654,0,0,0,0,600,720,600,0,600,99,0,0,0,OverTime,Beam,0,37,6000,100,0,ForceBubble,
Nova Bomb,Nova Bomb_Name,,DumbBombWeaponUpdate,ShowModule NoScan,Nova Bomb_Desc,12,,9,4,0.15,0,4,3,2,0,1,3.141592654,3.141592654,0,0,0,0,1200,1440,3600,10,90,8,40,50,0,Dispersed,Explosive,0,28,35,0,0,NovaBomb2,
Mega Bomb,Mega Bomb_Name,,DumbBombWeaponUpdate,ShowModule NoScan,Mega Bomb_Desc,12,,3,1,0.15,0,0,0,0,0,1,3.141592654,3.141592654,0,0,0,0,1200,1440,3600,2,300,8,40,900,0,Dispersed,Explosive,0,28,35,0,0,MegaBomb,
Oblivion Turret,Oblivion Turret_Name,,OmniTarget4000WeaponUpdate,ShowModule,Oblivion Turret_Desc,1,,5,1,0.05,0,4,3,1,0,2,0.104719755,0.104719755,-1,3.141592654,3.141592654,200,1200,1250,1500,13,0,8,99,1500,1,Direct,Kinetic,0,45,1200,0,0,OblivionShot,
Pan Laser Pulse Cannon,Pan Laser Pulse Cannon_Name,,OmniTarget4000WeaponUpdate,ShowModule,Pan_PulseCannon_Desc,,,4,2,0.24,0,0,0,0,0,1,0.104719755,0.104719755,2.094395102,1.570796327,1.570796327,0,750,900,2250,0,0,0,90,4,1,Direct,Bolt,0,18,1250,0,0,PulseLaser,
Pan Tracking Laser,Pan Tracking Laser_Name,,OmniTarget4000BeamWeaponUpdate,0,Module_NO_TOOLTIP_NEEDED,,,2,1,5,0,0,0,0,0,1,0.104719755,0.104719755,2.094395102,1.570796327,1.570796327,0,750,900,900,0,0,0,99,1,1,OverTime,Beam,0,15,2000,0,0,PanTrackingLaser,
Particle Beam Cannon,Particle Beam Cannon_Name,,OmniTarget4000BeamWeaponUpdate,ShowModule,Module_NOT_CURRENTLY_USED,,,6.5,1,4,1,2,2,3,0,4,0.104719755,0.104719755,1.570796327,0.785398163,3.141592654,0,250,300,300,0,0,0,99,40,1,OverTime,Beam,0,15,6000,0,0,ParticleBeam,
PDL Turret,PDL Turret_Name,,OmniTarget4000BeamWeaponUpdate,ClampPitch45 ShowModule,PDL Turret_Desc,10,,5,1,1,2,0,0,0,1,0,0.104719755,0.104719755,3.141592654,1.570796327,6.283185307,0,1000,1250,2000,0,0,0,99,40,1,OverTime,Beam,0,15,200000,0,0,PDL,
Penetrating Bolt,Penetrating Bolt_Name,,OmniTarget4000BeamWeaponUpdate,ShowModule,Penetrating Bolt_Desc,10,,15,1,2,4,1,1,2,0,3,0.052359878,0.785398163,-1,0.785398163,1.570796327,0,500,600,500,10,50,0,99,500,1,Direct,Bolt,0,38,6000,0,0,PenetratingBolt,
PHC_Artillery,PHC_Artillery_Cannon_Name,,OmniTarget4000SequenceWeaponUpdate,Indirect ShowModule RadarTargets,PHC_Artillery_Cannon_Desc,8,,5,1,0.05,0,2,1,3,0,4,0.104719755,0.104719755,-1,3.141592654,3.141592654,200,3000,3200,3600,13,100,0,99,250,1,Dispersed,Explosive,2,41,450,0,0,ArtilleryCannon,
PHC_EliminatorBeam,PHC_EliminatorBeam_Name,,OmniTarget4000BeamWeaponUpdate,ShowModule NoScan ScanPitch30,PHC_EliminatorBeam_Desc,0,,5,1,3,0,0,0,0,1,0,0.104719755,0.104719755,-1,1.91986,3.141592654,50,1500,1750,2000,0,0,0,99,2000,1,OverTime,Beam,2,15,6000,0,0,EliminatorBeam,
PHC_Indirect_Rockets,PHC_Indirect_Rockets_Name,,OmniTarget4000WeaponUpdate,Indirect ShowModule,PHC_Indirect_Rockets_Desc,17,,3.8,2,0.34,0,3,1,2,0,3,0.314159,0.785398163,0.104719755,0.20944,3.141592654,25,550,650,900,6,0,0,67,50,0,Direct,Explosive,0,44,220,0,0,mrm,
PHC_Scout Autocannon,PHC_Scout Autocannon_Name,,OmniTarget4000WeaponUpdate,ShowModule,PHC_Scout Autocannon_Desc,8,,3.9,7,0.04,0,1,2,3,0,4,0.104719755,0.104719755,4.71238898,0.785398163,3.141592654,0,350,420,600,0,0,0,50,2,1,Direct,Kinetic,0,26,600,0,0,ScoutAutocannon,
PHC_Skirmish_Plasma,PHC_Skirmish_Plasma_Name,,OmniTarget4000WeaponUpdate,ShowModule,PHC_Skirmish_Plasma_Desc,5,,1.9,6,0.12,0,1,2,3,0,4,0.104719755,0.104719755,0,0.785398163,3.141592654,0,300,400,600,0,0,0,55,1,0,Direct,Bolt,0,18,500,0,0,SkirmishPlasmaBolt,
Plasma Cannon,Plasma Cannon_Name,,OmniTarget4000WeaponUpdate,ShowModule,Plasma Cannon_Desc,,,3.5,15,0.15,5,1,1,3,2,4,0.104719755,0.104719755,1.570796327,0.785398163,3.141592654,0,500,600,1500,0,0,0,60,10,1,Direct,Bolt,0,18,600,0,0,PlasmaBoltBlue,
Plasma Rain Launcher,Plasma Rain Launcher_Name,,OmniTarget4000WeaponUpdate,ShowModule Indirect RadarTargets,Plasma Rain Launcher_Desc,,,6.5,12,0.04,0,0,0,0,0,1,0.20944,1.570796327,1.570796327,1.570796327,3.141592654,50,1400,1400,1600,0,0,16,40,10,1,Dispersed,Explosive,0,29,120,1,0,PlasmaRain,
Polaron Beam,Polaron Beam_Name,StartInactiveActivate,OmniTarget4000BeamWeaponUpdate,ShowModule,Polaron Beam_Desc,,,1,1,1,2,0,0,0,1,0,0.104719755,0.104719755,3.141592654,1.570796327,6.283185307,0,1000,1200,1500,0,0,0,99,200,1,OverTime,Beam,0,15,200000,0,0,PolaronBeam,
PowerTransmitter,PowerTransmitter_Name,,FakePowerTransferUpdate,NoScan,Module_NOT_CURRENTLY_USED,,,3.5,1,0,0,0,0,0,0,0,6.283185307,3.141592654,-1,0.523598776,6.283185307,0,6000,7200,18000,0,0,0,0,0,0,Direct,Bolt,0,47,50,0,0,GroundHugger2,
Primary Particle Beam Cannon,Primary Particle Beam Cannon_Name,,OmniTarget4000BeamWeaponUpdate,ShowModule,Primary Particle Beam Cannon_Desc,,,6.5,1,4,0,2,1,1,0,3,0.104719755,0.104719755,1.570796327,0.785398163,3.141592654,200,700,840,1800,0,0,0,90,150,0,OverTime,Beam,0,15,6000,0,0,RetributorParticleBeam,
Prometheus Heavy Autocannon,Prometheus Heavy Autocannon_Name,,OmniTarget4000WeaponUpdate,ShowModule,Prometheus Heavy Autocannon_Desc,8,,3.5,3,0.04,1,2,3,4,0,0,0.104719755,0.104719755,1.570796327,0.785398163,3.141592654,0,300,360,900,0,0,0,60,6,1,Direct,Kinetic,0,26,1800,0,0,Autocannon,
Prometheus Plasma Cannon,Prometheus Plasma Cannon_Name,,OmniTarget4000WeaponUpdate,ShowModule,Prometheus Plasma Cannon_Desc,2,,6,3,0.3,0,4,2,1,0,3,0.104719755,0.104719755,1.570796327,0.785398163,3.141592654,50,600,720,1800,0,0,0,60,12,1,Direct,Bolt,0,18,600,0,0,PrometheusPlasmaBolt,
Quad Pulse Cannon,Quad Pulse Cannon_Name,,OmniTarget4000PodWeaponUpdate,ShowModule,Quad Pulse Cannon_Desc,5,,4.8,4,0.133333,0,0,2,1,0,3,0.20944,0.104719755,1.308996939,0.314159,1.570796327,250,750,900,2250,1,0,0,90,500,1,Direct,Bolt,4,18,700,0,0,QuadPulseLaser,
Quad Pulse Cannon Overloaded,Quad Pulse Cannon Overloaded_Name,StartInactiveActivate,DeathRayMk2WeaponUpdate,Slaved SpecialAbility ShowModule,Quad Pulse Cannon Overloaded_Desc,2,,60,24,0.133333,0,0,2,1,0,3,0.20944,0.104719755,1.308996939,0.314159,1.570796327,250,750,900,2250,1,0,0,90,500,1,Direct,Bolt,4,46,700,0,0,QuadPulseLaserOverloaded,
Railgun,Railgun_Name,,OmniTarget4000WeaponUpdate,ShowModule,Module_NOT_CURRENTLY_USED,,,5.5,1,0,1,2,2,3,0,4,0.104719755,0.104719755,1.570796327,0.785398163,3.141592654,0,350,420,1050,0,0,0,60,10,1,Direct,Bolt,0,18,2000,0,0,Railgun,
Reaper Cannon,Reaper Cannon_Name,,OmniTarget4000BeamWeaponUpdate,ShowModule,Reaper Cannon_Desc,,,1.06,1,2.4,0,2,1,3,0,4,0.052359878,0.052359878,0,0,0,0,600,700,600,0,0,4,99,15,0,OverTime,Beam,0,15,10000,10,0,ReaperParticleBeam,
Saboteur Cannon,Saboteur Cannon_Name,,OmniTarget4000BeamWeaponUpdate,ShowModule,Saboteur Cannon_Desc,,,1.06,1,2.4,0,0,0,0,0,1,0.052359878,0.052359878,0,0,0,0,600,700,600,0,0,99,99,30,0,OverTime,Beam,0,15,10000,0,0,SaboteurParticleBeam,
Sentinel Railgun,Sentinel Railgun_Name,,OmniTarget4000WeaponUpdate,ShowModule,Sentinel Railgun_Desc,1,,5,1,0,0,4,2,1,0,3,0.104719755,0.104719755,-1,0.785398163,3.141592654,200,800,1250,2500,0,0,8,80,1000,1,Direct,Kinetic,0,45,1200,0,0,SentinelShot,
Sky Ender Laser,Sky Ender Laser_Name,,OmniTarget4000BeamWeaponUpdate,ShowModule,Module_NOT_CURRENTLY_USED,,,6,1,3,0,0,0,0,1,0,0.20944,0.20944,0.20944,0.20944,6.283185307,0,1200,1250,1500,0,50,0,99,60,1,OverTime,Beam,0,17,6000,0,0,SkyEnder,
Small Heal Ray,Small Heal Ray_Name,,HealRayWeaponUpdate,ShowModule,Small Heal Ray_Desc,11,,1,1,1,0,1,1,1,3,2,0.104719755,0.104719755,0.523598776,3.141592654,4.71238898,25,300,360,300,0,0,99,100,25,1,OverTime,Beam,0,15,6000,0,0,HealBeam,
Barrager Defense System,Barrager Defense System_Name,,OmniTarget4000PodWeaponUpdate,Indirect ShowModule RadarTargets,Barrager Defense System_Desc,15,,2.9,4,0.12,3,1,2,4,2,4,0.104719755,0.104719755,4.71238898,1.570796327,3.141592654,90,900,1200,1500,5,0,99,66,30,1,Direct,Explosive,4,54,200,0,0,BarragerMissile,
Swatter,Swatter_Name,StartInactiveActivate,SwatEMPWeaponUpdate,SpecialAbility ShowModule,Swatter_Desc,10,,60,1,1,3,2,2,1,4,0,6.283185307,3.141592654,0,0,0,0,750,900,750,15,750,0,99,0,0,OverTime,Beam,0,37,6000,100,0,EMPSwat,
Thantos Plasma Cannon,Thantos Plasma Cannon_Name,,OmniTarget4000WeaponUpdate,ShowModule,Thantos Plasma Cannon_Desc,0,,4.25,2,0.25,0,1,2,3,0,4,0.104719755,0.104719755,2.617993878,1.570796327,3.141592654,0,400,480,1200,0,0,0,80,50,1,Direct,Bolt,0,18,600,0,0,ThantosPlasmaBolt,
Thantos Rail Cannon,Thantos Rail Cannon_Name,,OmniTarget4000WeaponUpdate,ShowModule,Thantos Rail Cannon_Desc,2,,9,1,0,0,3,2,1,0,0,0.104719755,0.104719755,1.570796327,0.785398163,1.570796327,100,800,960,2400,0,0,16,80,800,1,Direct,Kinetic,0,45,1400,0,0,ThantosRailGun,
Zeus Laser Cannon,Zeus Laser Cannon_Name,,OmniTarget4000BeamWeaponUpdate,ShowModule,Zeus Laser Cannon_Desc,0,,3.5,1,0.25,0,1,2,3,0,4,0.104719755,0.104719755,2.617993878,1.570796327,3.141592654,0,300,360,300,4,0,0,99,75,1,OverTime,Beam,2,15,6000,0,0,ZeusLaser,
Thermal Laser Cannon,Thermal Laser Cannon_Name,,OmniTarget4000BeamWeaponUpdate,ShowModule ClampPitchDown,Thermal Laser Cannon_Desc,0,,0.25,1,0.25,3,2,1,4,0,5,0.104719755,0.104719755,4.712388898,1.570796327,3.141592654,0,600,800,900,0,0,0,99,100,1,OverTime,Beam,0,15,6000,0,0,ThermalLaser,
Zeus Plasma Cannon,Zeus Plasma Cannon_Name,,OmniTarget4000WeaponUpdate,ShowModule,Module_NOT_CURRENTLY_USED,,,6,1,0,0,3,1,2,0,4,0.104719755,0.104719755,1.570796327,1.570796327,3.141592654,0,600,720,1200,0,0,0,35,210,1,Direct,Bolt,0,18,600,0,0,ZeusPlasmaBolt,
Zeus Thunderbolt,Zeus Thunderbolt_Name,,PlasmaWhipWeaponUpdate,Indirect ShowModule,Zeus Thunderbolt_Desc,4,,7,1,1.25,0,1,2,3,0,0,1.047197551,0.523598776,0,0,0,0,200,300,250,75,0,0,99,400,0,OverTime,Beam,0,34,3000,0,0,ZeusThunderbolt,
ScanProjector,ScanProjector_Name,,ScanProjectorUpdate,GlobalSpecialAbility SpecialAbility TargetAreaAbility NoScan,ScanProjector_Desc,0,Scan_Projector_2D,0.25,1,30,0,0,0,0,0,0,6.283185307,3.141592654,0,0,0,0,50000,50000,50000,800,800,0,100,0,0,OverTime,Beam,1600,57,6000,50,0.1,ScanProjector,
Mauler Plasma Cannon,Mauler Plasma Cannon_Name,,OmniTarget4000WeaponUpdate,ShowModule,Mauler Plasma Cannon_Desc,,,2.8,2,0.15,0,1,1,2,0,3,0.104719755,0.104719755,0.261799388,0.261799388,3.141592654,0,900,1000,1050,0,0,0,90,20,0,Direct,Bolt,0,18,600,0,0,DestructorBoltBlue,
CapacitorPeaShooter,CapacitorPeaShooter_Name,,EnergyRestoreUpdate,ShowModule,CapacitorPeaShooter_Desc,11,,1,1,0.7,0,3,2,1,4,0,0.785398163,0.785398163,4.71238898,0.785398163,3.141592654,10,250,500,700,0,0,99,100,20,1,OverTime,Beam,0,15,6000,10,0,EnergizerBeam,
SubstrateAAWeapon,SubstrateAAWeapon_Name,,OmniTarget4000WeaponUpdate,ShowModule,SubstrateAAWeapon_Desc,7,,2.4,6,0.06,2,0,0,0,1,0,0.104719755,0.104719755,4.71238898,1.178097245,4.71238898,0,1200,1250,3000,0,50,0,66,20,1,Direct,Explosive,0,58,700,0,0,SSAA,
Heavy Plasma Cannon,Heavy Plasma Cannon_Name,,OmniTarget4000WeaponUpdate,Indirect RadarTargets ShowModule,Heavy Plasma Cannon_Desc,,,2.1,3,0.1666667,0,4,3,2,0,1,0.104719755,3.141592654,1.04719755,0,3.141592654,0,1200,1500,2250,0,0,8,99,100,0,Direct,Bolt,0,18,490,0,0,HeavyPlasmaBoltBlue,
Heavy Fusion Cannon,Heavy Fusion Cannon_Name,,OmniTarget4000WeaponUpdate,Indirect RadarTargets ShowModule,Heavy Fusion Cannon_Desc,,,2.1,1,5,0,4,3,2,0,1,0.104719755,0.104719755,0.261799388,0.785398163,3.141592654,0,1200,1500,2250,0,0,8,99,130,0,Direct,Bolt,0,18,490,0,0,HeavyFusionBolt,
Strafomatic Mk5,Strafomatic Mk5_Name,,OmniTarget4000WeaponUpdate,Indirect RadarTargets ShowModule,Strafomatic Mk5_Desc,,,1,8,0.125,0,0,0,0,1,0,0.104719755,0.104719755,0.523598776,0.523598776,3.141592654,0,1200,1250,2250,0,0,0,99,40,0,Direct,Bolt,0,50,1000,0,0,SSAA,
AvengerHose,AvengerHose_Name,,AvengerWeaponUpdate,ShowModule,AvengerHose_Desc,,,0.5,8,0.0625,0,1,2,3,0,0,0.104719755,0.104719755,0.523598776,0.523598776,3.141592654,0,350,420,500,0,0,4,90,40,0,Direct,Bolt,0,50,120,4,0,AvengerHoseGun,
CallEngineer,CallEngineer_Name,,CallEngineerUpdate,GlobalSpecialAbility SpecialAbility TargetAreaAbility AbilityRequiresLOS NoScan,CallEngineer_Desc,4,Call_Engineer_2D,0.25,1,30,0,0,0,0,0,0,6.283185307,3.141592654,0,0,0,0,50000,50000,50000,50,50,0,100,0,0,OverTime,Beam,1600,57,6000,30,0.2,CallEngineer,LogisticsOrbital
Incursion,Incursion_Name,,IncursionUpdate,GlobalSpecialAbility SpecialAbility TargetAreaAbility AbilityRequiresLOS NoScan,Incursion_Desc,10,Call_Incursion_2D,0.25,1,30,0,0,0,0,0,0,6.283185307,3.141592654,0,0,0,0,50000,50000,50000,50,50,0,100,0,0,OverTime,Beam,1600,57,6000,120,0.25,Incursion,LogisticsOrbital
CallProbe,CallProbe_Name,,CallProbeUpdate,GlobalSpecialAbility SpecialAbility TargetAreaAbility AbilityRequiresLOS NoScan,CallProbe_Desc,25,Call_Probe_2D,0.25,1,30,0,0,0,0,0,0,6.283185307,3.141592654,0,0,0,0,50000,50000,50000,50,50,0,100,0,0,OverTime,Beam,1600,57,6000,60,0.2,Incursion,LogisticsOrbital
AreaHeal,AreaHeal_Name,,AreaHealUpdate,GlobalSpecialAbility SpecialAbility TargetAreaAbility AbilityRequiresLOS NoScan,AreaHeal_Desc,6,Call_Heal_Drones_2D,5,1,30,0,0,0,0,0,0,6.283185307,3.141592654,0,0,0,0,50000,50000,50000,1,500,99,100,40,0,OverTime,Beam,0,57,6000,100,0.25,AreaHeal,EnergyProjector
PlasmaStorm,PlasmaStorm_Name,,PlasmaStormUpdate,GlobalSpecialAbility SpecialAbility TargetAreaAbility AbilityRequiresLOS NoScan,PlasmaStorm_Desc,8,Call_Plasma_Storm_2D,30,60,0.5,0,0,0,0,0,0,6.283185307,3.141592654,0,0,0,0,50000,50000,50000,1,500,0,100,15,0,Direct,Bolt,0,57,6000,200,0.25,PlasmaStorm,WeaponsLab
SubstrateDisruptorCannon,SubstrateDisruptorCannon_Name,,DisruptorWeaponUpdate,ShowModule,SubstrateDisruptorCannon_Desc,,,0.2,1,0.6,2,1,3,5,0,4,0.83775804,0.104719755,-1,0.523598776,3.141592654,0,900,1000,1000,4,0,0,99,200,1,Direct,Bolt,4,65,1000,0,0,DisruptorCannonBolt,
SubstrateSeedMainGun,SubstrateSeedMainGun_Name,,AvengerWeaponUpdate,ShowModule,SubstrateSeedMainGun_Desc,,,1,60,0.03125,4,3,2,1,0,3,0.104719755,1.570796327,-1,0,3.141592654,100,750,900,900,2,0,0,100,5,1,Direct,Bolt,0,18,125,0,0,SubstrateSeedMainGun,
SubstrateSeedSecondaryGun,SubstrateSeedSecondaryGun_Name,,OmniTarget4000BeamWeaponUpdate,ShowModule,SubstrateSeedSecondaryGun_Desc,,,1,1,1,4,2,2,3,1,5,0.104719755,1.570796327,-1,0,3.141592654,200,700,840,1000,0,0,0,100,50,1,OverTime,Beam,0,15,6000,0,0,SubstrateSeedSecondaryGun,
SubstrateLanceAnnihilatorGun,SubstrateLanceAnnihilatorGun_Name,,OmniTarget4000WeaponUpdate,ShowModule,SubstrateLanceAnnihilatorGun_Desc,1,,1,30,0.05,5,1,2,3,0,4,0.104719755,0.104719755,-1,0.785398163,3.141592654,50,600,720,1200,0,0,0,99,4,1,Direct,Kinetic,0,45,1500,0,0,LanceBolt,
SubstrateHeavyAnnihilatorGun,SubstrateHeavyAnnihilatorGun_Name,,OmniTarget4000LinkedWeaponUpdate,ShowModule,SubstrateHeavyAnnihilatorGun_Desc,0,,0.5,30,0.05,5,1,2,3,0,4,0.104719755,0.104719755,-1,1.570796327,3.141592654,50,600,720,1200,12,0,0,99,6,1,Direct,Kinetic,4,45,1500,0,0,LanceBolt,
SubstrateExterminatorGun,SubstrateExterminatorGun_Name,,OmniTarget4000WeaponUpdate,ShowModule NoScan,SubstrateExterminatorGun_Desc,91,,1.1,1,0.9,0,4,3,1,0,2,0.104719755,0.104719755,-1,0.785398163,3.141592654,50,1200,1400,1400,0,0,99,99,200,1,Direct,Kinetic,0,45,1500,0,0,ExterminatorGun,
SubstratePulverizerGun,SubstratePulverizerGun_Name,,OmniTarget4000BeamWeaponUpdate,ShowModule NoScan,SubstratePulverizerGun_Desc,0,,0.016667,1,4.2,0,4,3,1,0,2,0.104719755,0.104719755,-1,0.785398163,0.785398,50,1200,1400,1400,0,0,99,99,84,1,OverTime,Beam,2,15,6000,0,0,PulverizerBeam,
ShredderTargeting,ShredderPlasma_Name,,OmniTarget4000MasterTargetUpdate,Indirect RadarTargets,ShredderPlasma_Desc,6,,3.5,1,0,5,4,3,2,0,1,0.104719755,0.104719755,-1,1.570796327,0.785398,50,1200,1500,1500,0,0,0,90,500,1,Dispersed,Explosive,0,29,200,0,0,ArtemisMissile,
ShredderPlasma,ShredderPlasma_Name,,OmniTarget4000SlavedWeaponUpdate,Slaved Indirect ShowModule RadarTargets,ShredderPlasma_Desc,6,,2,1,0,0,0,3,1,0,2,0.104719755,0.104719755,-1,1.570796327,0.785398,100,1200,1500,1500,0,50,0,60,400,1,Dispersed,Explosive,0,29,200,0,0,ShredderPlasmaBall,
ShredderDroneSwarm,ShredderDroneSwarm_Name,,ShredderDroneSwarmWeaponUpdate,Slaved ShowModule Indirect RadarTargets SpecialAbility,ShredderDroneSwarm_Desc,17,,3.5,1,5,0,3,1,2,0,3,0.104719755,0.104719755,-1,1.570796327,1.570796327,250,1200,1440,1500,0,0,8,100,100,1,Dispersed,Explosive,0,63,175,0,0,ShredderDronePod,
BlossomBarrage,BlossomBarrage_Name,,OmniTarget4000PodWeaponUpdate,ShowModule,BlossomBarrage_Desc,16,,2,12,0.083333333,2,0,0,0,1,0,1.570796327,1.570796327,0,0,0,50,1200,1250,1500,10,50,0,100,40,0,Direct,Explosive,6,58,600,0,0,BlossomMissile,
DroneMRVLauncher,DroneMRVLauncher_Name,,OmniTarget4000MRVWeaponUpdate,ShowModule Indirect RadarTargets,DroneMRVLauncher_Desc,17,,3.5,1,0,0,3,1,2,0,3,0.104719755,0.785398163,-1,0,1.570796327,250,1200,1440,1500,0,100,8,100,100,1,Dispersed,Explosive,0,52,175,0,0,DronePod,
DroneMRVFrag,DroneMRVFrag_Name,,OmniTarget4000WeaponUpdate,Indirect,Module_NO_TOOLTIP_NEEDED,,,16,1,0.1875,0,1,2,3,0,4,0.785398163,0.785398163,0.785398163,0.785398163,1.570796327,0,900,1080,1200,6,0,0,100,0,0,Direct,Explosive,0,48,225,0,0,DronePodMiniMe,
ShieldRegenerator,ShieldRegenerator_Name,,ShieldRegenerationUpdate,ShowModule,ShieldRegenerator_Desc,,,2,1,1.5,0,2,2,1,2,1,6.283185307,3.141592654,0,0,0,25,600,720,600,0,600,99,99,100,0,OverTime,Beam,0,37,6000,0,0,ShieldRegenFieldPulse,
WMC,WMC_Name,,OmniTarget4000WeaponUpdate,ShowModule,WMC_Desc,,,4.1,30,0.05,0,0,2,1,0,3,0.20944,0.785398163,0.261799388,0.523598776,1.570796327,100,750,900,900,0,0,99,100,50,1,Direct,Explosive,0,50,700,10,0,SavagerWeapon,
Searcher Pulse Cannon,Searcher Pulse Cannon_Name,,OmniTarget4000WeaponUpdate,ShowModule,Searcher Pulse Cannon_Desc,,,7,2,0.12,0,2,3,4,0,1,0.104719755,0.104719755,2.094395102,1.570796327,1.570796327,0,750,900,1200,0,0,0,50,3,1,Direct,Bolt,0,18,1250,0,0,PulseBolt,
OrbitalStrike,OrbitalStrike_Name,,OrbitalStrikeUpdate,GlobalSpecialAbility SpecialAbility TargetAreaAbility AbilityRequiresLOS NoScan,OrbitalStrike_Desc,12,Call_Orbital_Strike_2D,60,1,10,0,0,0,0,0,0,6.283185307,3.141592654,0,0,0,0,50000,50000,50000,1,1000,8,100,7500,0,Direct,Bolt,0,56,1000,400,0.5,OrbitalStrikeBoom,OrbitalCommand
TungstenRod,BugMeIfYouSeeMe,,OmniTarget4000PodWeaponUpdate,,Module_NO_TOOLTIP_NEEDED,0,,16,1,0.1875,0,1,2,3,0,4,0.785398163,0.785398163,0.785398163,0.785398163,1.570796327,0,900,1080,1200,0,0,0,100,0,0,Direct,Explosive,0,50,1000,0,0,TungstenRod,
Carving Turret Beam,CarvingTurretBeam_Name,,OmniTarget4000BeamWeaponUpdate,ShowModule,CarvingTurretBeam_Desc,,,1,1,3,0,3,2,1,4,5,0.104719755,0.104719755,-1,0.785398163,3.141592654,0,800,840,1000,0,0,99,100,501,1,OverTime,Beam,0,15,10000,0,0,CarvingTurretBeam,
CallCarvingTurret,CallCarvingTurret_Name,,CallCarvingTurretUpdate,GlobalSpecialAbility SpecialAbility TargetAreaAbility AbilityRequiresLOS NoScan,CallCarvingTurret_Desc,14,Call_Carving_Turret_2D,10,1,10,0,0,0,0,0,0,6.283185307,3.141592654,0,0,0,0,50000,50000,50000,96,96,0,100,0,0,OverTime,Beam,1600,57,6000,150,0.1,CallCarvingTurret,WeaponsLab
AmplifyOrbital,AmplifyOrbital_Name,,AmplifyOrbitalUpdate,GlobalSpecialAbility SpecialAbility TargetAreaAbility AbilityRequiresLOS NoScan,AmplifyOrbital_Desc,2,Amplify_Orbital_2D,1,1,5,0,0,0,0,0,0,6.283185307,3.141592654,0,0,0,0,50000,50000,50000,1,50,0,100,0,0,OverTime,Beam,1600,57,6000,50,0.25,Amplify,PowerRegulator
RushOrbital,PHC_Rush_Name,,RushOrbitalUpdate,GlobalSpecialAbility SpecialAbility NoScan AbilityRequiresLOS TargetAreaAbility,PHC_Rush_Desc,23,Amplify_Orbital_2D,10,1,120,0,0,0,0,0,0,6.283185307,3.141592654,0,0,0,0,50000,50000,50000,1,50,0,100,0,0,OverTime,Beam,1600,57,6000,50,0.25,Rush,
EMPPulse,EMPPulse_Name,,EMPPulseUpdate,GlobalSpecialAbility SpecialAbility TargetAreaAbility AbilityRequiresLOS NoScan,EMPPulse_Desc,16,EMP_Pulse_2D,10,1,5,0,0,0,0,0,0,6.283185307,3.141592654,0,0,0,0,50000,50000,50000,1,600,0,100,10000,0,OverTime,Beam,0,37,6000,100,0.25,EMPPulse,EnergyProjector
CallSensorDrone,CallSensorDrone_Name,,CallSensorDroneUpdate,GlobalSpecialAbility SpecialAbility TargetAreaAbility NoScan,CallSensorDrone_Desc,5,Call_Sensor_Drone_2D,1,1,30,0,0,0,0,0,0,6.283185307,3.141592654,0,0,0,0,50000,50000,50000,50,50,0,100,0,0,OverTime,Beam,1600,57,6000,50,0.1,CallSensorDrone,
DroneSwarmDroneBolt,DroneSwarmBolt_Name,,OmniTarget4000WeaponUpdate,ShowModule,DroneSwarmDroneBolt_Desc,6,,3,3,0.333333,5,1,2,3,4,3,0.104719755,0.104719755,0.7854,0.7854,6.283185307,0,400,480,600,0,0,0,99,3,1,Direct,Bolt,0,18,600,0,0,DroneSwarmDroneBolt,
CallDroneSwarm,CallDroneSwarm_Name,,CallDroneSwarmUpdate,GlobalSpecialAbility SpecialAbility TargetAreaAbility NoScan AbilityRequiresLOS,CallDroneSwarm_Desc,9,Call_Drone_Swarm_2D,30,1,30,0,0,0,0,0,0,6.283185307,3.141592654,0,0,0,0,50000,50000,50000,50,50,0,100,0,0,OverTime,Beam,1600,57,6000,200,0.25,CallDroneSwarm,OrbitalDroneRelay
AvatarWeapon,AvatarWeapon_Name,,AvengerWeaponUpdate,ShowModule Indirect RadarTargets,AvatarWeapon_Desc,0,,1.8,6,0.19,0,2,1,3,0,4,0.104719755,0.104719755,0.523598776,0.785398163,3.141592654,0,700,750,700,0,0,99,99,20,0,Direct,Bolt,0,50,230,0,0,AvatarWeapon,
CallAvatar,CallAvatar_Name,,CallAvatarUpdate,GlobalSpecialAbility SpecialAbility TargetAreaAbility NoScan AbilityRequiresLOS,CallAvatar_Desc,13,Call_Avatar_2D,10,1,30,0,0,0,0,0,0,6.283185307,3.141592654,0,0,0,0,50000,50000,50000,50,50,0,100,0,0,OverTime,Beam,1600,57,6000,90,0.1,CallAvatar,Gateway
KillOrbital,KillOrbital_Name,,KillOrbitalUpdate,GlobalSpecialAbility SpecialAbility TargetUnitAbility AbilityRequiresLOS NoScan,KillOrbital_Desc,11,Call_Kill_Orbital_2D,30,1,1,0,0,0,1,0,0,6.283185307,3.141592654,0,0,0,0,50000,50000,50000,0,0,99,100,10000,0,OverTime,Beam,0,15,6000,300,0.25,KillBeam,OrbitalDroneRelay
PHC_CallNanoMeshArmor,PHC_CallNanoMeshArmor_Name,,CallNanoMeshArmorUpdate,GlobalSpecialAbility SpecialAbility TargetUnitAbility AbilityRequiresLOS NoScan,PHC_CallNanoMeshArmor_Desc,21,Call_Kill_Orbital_2D,30,1,1,1,1,1,1,1,0,6.283185307,3.141592654,0,0,0,0,50000,50000,50000,0,0,99,100,10000,0,OverTime,Beam,0,57,6000,50,0.25,CallNanoMeshArmor,QuantumRelay
SS_CallNanoMeshArmor,SS_CallNanoMeshArmor_Name,,CallNanoMeshArmorUpdate,GlobalSpecialAbility SpecialAbility TargetUnitAbility AbilityRequiresLOS NoScan,SS_CallNanoMeshArmor_Desc,21,Call_Kill_Orbital_2D,30,1,1,1,1,1,1,1,0,6.283185307,3.141592654,0,0,0,0,50000,50000,50000,0,0,99,100,10000,0,OverTime,Beam,0,57,6000,50,0.25,CallNanoMeshArmor,QuantumArchive
SS_CallNanoTransport,SS_CallNanoTransport_Name,,CallNanoTransportUpdate,GlobalSpecialAbility SpecialAbility TargetUnitAbility AbilityRequiresLOS NoScan,SS_CallNanoTransport_Desc,22,Call_Kill_Orbital_2D,30,1,1,1,1,1,1,1,0,6.283185307,3.141592654,0,0,0,0,50000,50000,50000,0,0,99,100,10000,0,OverTime,Beam,0,57,6000,300,0.25,CallNanoTransport,Gateway
AreaShieldRegen,AreaShieldRegen_Name,,AreaShieldRegenUpdate,GlobalSpecialAbility SpecialAbility TargetAreaAbility AbilityRequiresLOS NoScan,AreaShieldRegen_Desc,3,Call_Area_Shield_Regen_2D,5,1,5,0,0,0,0,0,0,6.283185307,3.141592654,0,0,0,0,50000,50000,50000,1,500,99,100,2500,0,OverTime,Beam,0,37,6000,50,0.25,AreaShieldRegen,SubspaceStreamer
DetonateOrbital,DetonateOrbital_Name,,DetonateOrbitalUpdate,GlobalSpecialAbility SpecialAbility TargetAreaAbility AbilityRequiresLOS NoScan,DetonateOrbital_Desc,15,Call_Detonate_Orbital_2D,60,1,3,0,0,0,0,0,0,6.283185307,3.141592654,0,0,0,0,50000,50000,50000,0,750,99,100,1333,0,Direct,Bolt,0,56,1000,400,0.5,DetonateBoom,SubspaceStreamer
OverchargeOrbital,OverchargeOrbital_Name,,OverchargeOrbitalUpdate,GlobalSpecialAbility SpecialAbility TargetAreaAbility AbilityRequiresLOS NoScan,OverchargeOrbital_Desc,1,Overcharge_Orbital_2D,12,1,20,0,0,0,0,0,0,6.283185307,3.141592654,0,0,0,0,50000,50000,50000,1,50,0,100,0,0,OverTime,Beam,1600,57,6000,50,0.25,Overcharge,
BoostOrbital,BoostOrbital_Name,,BoostOrbitalUpdate,GlobalSpecialAbility SpecialAbility TargetAreaAbility AbilityRequiresLOS NoScan,BoostOrbital_Desc,7,Boost_Orbital_2D,1,1,0,0,0,0,0,0,0,6.283185307,3.141592654,0,0,0,0,50000,50000,50000,1,50,0,100,0,0,OverTime,Beam,1600,57,6000,25,0.25,Boost,EnergyModulator
Demolish,Demolish_Name,StartInactiveActivate,DemolishWeaponUpdate,SpecialAbility ShowModule,Demolish_Desc,13,,60,1,1,0,0,0,0,0,1,6.283185307,3.141592654,0,0,0,0,300,300,300,0,300,0,100,500,0,OverTime,Beam,0,37,6000,100,0,Demolish,
Shield Projector,ShieldRegenerator_Name,StartInactiveActivate,ShieldRegenerationUpdate,SpecialAbility ShowModule,ShieldRegenerator_Desc,,,5,1,1,0,2,2,1,2,1,6.283185307,3.141592654,0,0,0,25,600,720,600,0,600,99,99,100,0,OverTime,Beam,0,37,6000,0,0,ShieldRegenFieldPulse,
Caregiver Shield Buff,CaregiverShieldBuff_Name,,BeamShieldRegenerationUpdate,ShowModule,CaregiverShieldBuff_Desc,11,,5,24,1,0,2,2,1,2,1,6.283185307,3.141592654,0,0,0,0,300,450,300,0,0,99,100,10,0,OverTime,Beam,0,15,6000,0,0,CaregiverBeam,
Static Charge,Swatter_Name,StartInactiveActivate,SwatEMPWeaponUpdate,SpecialAbility ShowModule,Swatter_Desc,10,,60,1,1,3,2,2,1,4,0,6.283185307,3.141592654,0,0,0,0,750,900,750,15,750,0,99,0,0,OverTime,Beam,0,37,6000,100,0,EMPSwat,
Havok,Havok_Name,StartInactiveActivate,DeathBlossomWeaponUpdate,Indirect SpecialAbility ShowModule,Havok_Desc,15,,20,20,0.05,1,2,2,4,0,3,6.283185307,3.141592654,0,0,0,0,500,600,1500,0,500,0,99,200,0,Direct,Explosive,0,40,75,100,0,DeathBlossom,
Havok2,Havok_Name,StartInactiveActivate,DeathBlossomWeaponUpdate,Indirect SpecialAbility ShowModule,Havok_Desc,15,,20,20,0.05,1,2,2,4,0,3,6.283185307,3.141592654,0,0,0,0,500,600,1500,0,500,0,99,200,0,Direct,Explosive,0,59,60,100,0,Havok2,
Draining Beam,DrainingBeam_Name,StartInactiveActivate,OmniTarget4000BeamWeaponUpdate,ShowModule,DrainingBeam_Desc,15,,30,1,1,0,0,0,1,0,0,0.20944,0.104719755,-1,0.314159,4.71238898,150,750,900,900,997997,0,99,100,250,1,OverTime,Beam,250,15,6000,50,0,DrainingBeam,
Executor,WMC_Name,StartInactiveActivate,OmniTarget4000WeaponUpdate,ShowModule,WMC_Desc,,,4.1,30,0.05,0,0,2,1,0,3,0.20944,0.785398163,0.261799388,0.523598776,1.570796327,100,750,900,900,0,0,99,100,75,1,Direct,Explosive,0,50,700,10,0,SavagerWeaponUpgraded,
Dominator Dual Pulse Cannon,Dominator Dual Pulse Cannon_Name,,OmniTarget4000WeaponUpdate,ShowModule,Dominator Dual Pulse Cannon_Desc,,,7,8,0.12,0,2,3,4,0,1,0.104719755,0.104719755,2.094395102,1.570796327,1.570796327,0,750,900,1200,0,0,0,75,3,1,Direct,Bolt,0,18,1250,0,0,DualPulseBolt,
Assassin Plasma Cannon,Assassin Plasma Cannon_Name,,OmniTarget4000WeaponUpdate,ShowModule,Assassin Plasma Cannon_Desc,0,,9.2,2,0.25,0,0,0,1,0,0,0.104719755,0.104719755,2.617993878,1.570796327,3.141592654,30,900,1200,1200,0,0,0,80,900,1,Direct,Bolt,0,18,600,0,0,ThantosPlasmaBolt,
Assassin Autocannon,PHC_Scout Autocannon_Name,,OmniTarget4000WeaponUpdate,ShowModule,PHC_Scout Autocannon_Desc,8,,3.9,6,0.04,0,1,2,3,0,4,0.104719755,0.104719755,2.617993878,1.570796327,3.141592654,0,350,420,600,0,0,0,50,4,1,Direct,Kinetic,0,26,600,0,0,AssassinAutocannon,
Engineer Heal Ray,Energizer Heal Ray_Name,,HealRayWeaponUpdate,ShowModule,Energizer Heal Ray_Desc,11,,1,1,2,0,4,3,2,5,1,0.785398163,0.785398163,-1,0.785398163,3.141592654,10,200,300,200,0,0,99,100,10,1,Direct,Bolt,0,49,75,0,0,CaptureRay,
Martyr Bolt,MartyrBolt_Name,,OmniTarget4000WeaponUpdate,ShowModule,MartyrBolt_Desc,,,2.3,2,0.11,0,1,2,3,0,4,0.104719755,0.104719755,0.104719755,0.785398163,3.141592654,0,300,360,900,0,0,0,33,2,0,Direct,Bolt,0,18,370,0,0,MartyrPlasmaBolt,
Sentry Rail Cannon,Sentry Rail Cannon_Name,,OmniTarget4000WeaponUpdate,ShowModule,Sentry Rail Cannon_Desc,1,,3,3,0.43,0,3,1,2,0,4,0.104719755,0.104719755,1.047197551,0.785398163,1.570796327,0,300,720,1800,0,0,0,80,20,1,Direct,Kinetic,0,45,1250,0,0,CentaurRailCannon,
Athena Inner,AthenaInner_Name,,OmniTarget4000WeaponUpdate,ShowModule,AthenaInner_Desc,5,,3.1,5,0.25,0,1,2,3,0,4,0.104719755,0.104719755,0.104719755,0.104719755,3.141592654,0,400,600,1200,0,0,0,80,20,0,Direct,Bolt,0,18,450,0,0,AthenaInnerWeapon,
Athena Middle,AthenaMiddle_Name,,OmniTarget4000BeamWeaponUpdate,ShowModule,AthenaMiddle_Desc,0,,3.7,1,4,0,0,1,2,0,0,0,0,0,0,0,0,500,720,550,0,0,0,100,275,0,OverTime,Beam,0,15,6000,0,0,AthenaMiddleWeapon,
Athena Outer,AthenaOuter_Name,,OmniTarget4000WeaponUpdate,ShowModule,AthenaOuter_Desc,5,,1.8,3,0.09,0,2,1,3,0,0,0.104719755,0.104719755,0.104719755,0.104719755,3.141592654,0,600,720,1200,0,0,0,55,60,0,Direct,Bolt,0,18,500,0,0,AthenaOuterWeapon,
Eradicator Plasma Cannon,Plasma Cannon_Name,,OmniTarget4000WeaponUpdate,ShowModule,Eradicator Plasma Cannon_Desc,,,3.5,15,0.15,0,1,2,3,0,4,0.104719755,0.104719755,2.617993878,0.785398163,3.141592654,0,400,600,750,0,0,0,60,6,0,Direct,Bolt,0,18,600,0,0,EradicatorSecondaryBolt,
Eradicator Sniper Gun,EradicatorCannon_Name,,OmniTarget4000WeaponUpdate,ShowModule,EradicatorCannon_Desc,2,,4.8,1,0,0,0,2,1,0,0,0.104719755,3.141592654,0.261799388,2.094395102,3.141592654,20,1200,1250,2000,0,0,99,99,600,1,Dispersed,Explosive,0,62,700,50,0,EradicatorSniperBolt,
Instigator Laser Pulse Cannon,Instigator Laser Pulse Cannon_Name,,OmniTarget4000WeaponUpdate,ShowModule,Instigator_PulseCannon_Desc,,,4,2,0.24,0,2,0,0,0,1,0.104719755,0.104719755,2.094395102,2.094395102,3.141592654,0,800,900,2250,0,0,0,90,10,1,Direct,Bolt,0,18,1250,0,0,InstigatorPulseLaser,
Emergency Turret Gun,EmergencyTurretGun_Name,,OmniTarget4000WeaponUpdate,ShowModule,EmergencyTurretGun_Desc,,,2.3,3,0.11,5,1,2,4,3,0,0.104719755,0.104719755,-1,1.570796327,1.570796327,0,450,540,750,0,0,0,75,5,1,Direct,Kinetic,0,45,1250,0,0,EmergencyTurretShot,
CallEmergencyTurret,CallEmergencyTurret_Name,,CallEmergencyTurretUpdate,GlobalSpecialAbility TargetAreaAbility AbilityRequiresLOS NoScan,CallEmergencyTurret_Desc,17,Call_Carving_Turret_2D,0.1,1,5,0,0,0,0,0,0,6.283185307,3.141592654,0,0,0,0,50000,50000,50000,96,96,0,100,0,0,OverTime,Beam,1600,57,6000,60,0.25,CallEmergencyTurret,
SerpentineGun,SerpentineGun_Name,,OmniTarget4000WeaponUpdate,ShowModule,SerpentineGun_Desc,,,1.5,3,0.4,5,1,2,4,3,0,0.104719755,0.104719755,-1,1.570796327,1.570796327,0,450,540,750,0,0,0,99,30,1,Direct,Kinetic,0,45,1250,0,0,SerpentineTurretShot,
CallSerpentineTurret,CallSerpentineTurret_Name,,CallSerpentineTurretUpdate,GlobalSpecialAbility TargetAreaAbility AbilityRequiresLOS NoScan,CallSerpentineTurret_Desc,18,Call_Carving_Turret_2D,0.1,1,1,0,0,0,0,0,0,6.283185307,3.141592654,0,0,0,0,50000,50000,50000,96,96,0,100,0,0,OverTime,Beam,1600,57,6000,70,0.25,CallSerpentineTurret,
CallSaboteur,CallSaboteur_Name,,CallSaboteurUpdate,GlobalSpecialAbility TargetAreaAbility AbilityRequiresLOS NoScan,CallSaboteur_Desc,24,Call_Carving_Turret_2D,0.1,1,30,0,0,0,0,0,0,6.283185307,3.141592654,0,0,0,0,50000,50000,50000,96,96,0,100,0,0,OverTime,Beam,1600,57,6000,75,0.25,CallSaboteur,Gateway
CallOrbitalJam,CallOrbitalJam_Name,,CallOrbitalJamUpdate,GlobalSpecialAbility TargetAreaAbility AbilityRequiresLOS NoScan,CallOrbitalJam_Desc,20,Call_Carving_Turret_2D,1,1,30,0,0,0,0,0,0,6.283185307,3.141592654,0,0,0,0,50000,50000,50000,96,1500,0,100,0,0,OverTime,Beam,1600,57,6000,50,0.25,OrbitalJamZone,
OrbitalJamLifetime,CallOrbitalJam_Name,,TemporaryLifetimeUpdate,NoScan,CallOrbitalJam_Desc,17,Call_Carving_Turret_2D,60,1,0,0,0,0,0,0,0,6.283185307,3.141592654,0,0,0,0,50000,50000,50000,96,0,0,100,0,0,OverTime,Explosive,1600,57,6000,0,0,CallEmergencyTurret,
CallSapper,CallSapper_Name,,CallSapperUpdate,GlobalSpecialAbility TargetAreaAbility AbilityRequiresLOS NoScan,CallSapper_Desc,19,Call_Carving_Turret_2D,0.1,1,30,0,0,0,0,0,0,6.283185307,3.141592654,0,0,0,0,50000,50000,50000,96,96,0,100,0,0,OverTime,Beam,1600,57,6000,100,0.25,CallSapper,LogisticsOrbital
CheapAntiAirTurret AA Autocannon,Cheap AA Autocannon_Name,,OmniTarget4000PodWeaponUpdate,Indirect ShowModule RadarTargets ClampPitch ScanPitch30,Cheap AA Autocannon_Desc,15,,0.5,1,0.12,2,0,0,0,1,0,0.052359878,0.052359878,-1,3.141592654,3.141592654,50,750,750,2250,14,0,0,80,75,1,Direct,Explosive,1,14,300,0,0,CheapMissile,
MasochistShieldSink,MasochistShieldSink_Name,,ShieldSinkUpdate,,MasochistShieldSink_Desc,,,0.016667,1,0.1,0,2,2,1,1,0,6.283185307,3.141592654,0,0,0,0,300,450,300,0,300,99,100,100,0,OverTime,Beam,0,57,6000,0,0,MasochistShield,
Rampager Plasma Beam,RampagerPlasmaBeam_Name,,OmniTarget4000LinkedBeamWeaponUpdate,ShowModule ClampPitchDown,RampagerPlasmaBeam_Desc,,,1,1,1,5,1,1,3,2,4,0.104719755,0.104719755,3.141592654,2.0944,3.141592654,50,350,800,450,16,50,0,60,250,0,OverTime,Beam,2,64,6000,0,0,PlasmaBeam,
Rampager Rainmaker,RampagerRainmaker_Name,,OmniTarget4000LinkedWeaponUpdate,ShowModule,RampagerRainmaker_Desc,,,1,1,0.1,5,1,2,3,0,4,0.104719755,0.104719755,0.20943951,2.35619,3.141592654,0,300,400,500,15,0,0,40,15,0,Direct,Bolt,2,18,600,0,0,Rainmaker,
MicroTurret Autocannon,Micro Autocannon_Name,,OmniTarget4000WeaponUpdate,ShowModule,Micro Autocannon_Desc,6,,2.2,7,0.125,1,2,3,4,0,5,0.104719755,0.104719755,-1,0.7854,6.283185307,0,400,480,1200,0,0,0,70,2,0,Direct,Kinetic,0,26,900,0,0,MicroTurretAutocannon,
Unblinking Gaze,UnblinkingGaze_Name,,OmniTarget4000BeamWeaponUpdate,ShowModule,UnblinkingGaze_Desc,,,1,1,2,0,0,0,0,0,1,0.104719755,0.104719755,2.094395102,1.570796327,1.570796327,0,900,1200,2250,0,0,99,90,300,1,OverTime,Beam,0,15,10000,0,0,UnblinkingGaze,
Prototype Lawbringer,ProtoLawbringer_Name,,OmniTarget4000WeaponUpdate,ShowModule,ProtoLawbringer_Desc,5,,1.9,6,0.12,0,1,2,3,0,4,0.104719755,0.104719755,0.104719755,0.785398163,3.141592654,0,300,400,600,0,0,0,55,6,0,Direct,Bolt,0,18,500,0,0,SkirmishPlasmaBolt,
StarBurst,StarBurst_Name,,OmniTarget4000PodWeaponUpdate,Indirect ShowModule ScanPitch90,StarBurst_Desc,7,,0.5,12,0.05,2,0,0,0,1,0,0.052359878,0.052359878,-1,3.141592654,2.094395102,0,1200,1250,1500,9,150,0,100,200,1,Direct,Explosive,2,17,1000,0,0,StarBurst,
MobileNullifier,MobileNullifier_Name,,,NoScan,MobileNullifier_Desc,22,,1,1,1,4,3,2,1,0,3,0.104719755,1.570796327,-1,0,3.141592654,0,1500,1500,1500,2,0,0,100,0,1,Direct,Bolt,0,18,125,0,0,SkirmishPlasmaBolt,
PHCMobileNullifierTurret,PHCMobileNullifierTurret_Name,,OmniTarget4000WeaponUpdate,ShowModule,PHCMobileNullifierTurret_Desc,,,1,1,1,5,1,1,3,2,4,0.104719755,0.104719755,3.141592654,3.141592654,3.141592654,0,500,600,1500,0,0,0,60,10,0,Direct,Bolt,0,18,600,0,0,PlasmaBoltGreen,
SSNullifierCannon,SSNullifierCannon_Name,,OmniTarget4000WeaponUpdate,ShowModule,SSNullifierCannon_Desc,,,1,1,1,0,1,2,3,0,4,0.104719755,0.104719755,2.617993878,0.785398163,3.141592654,0,500,600,1500,0,0,0,60,10,0,Direct,Bolt,0,18,600,0,0,NullifierPlasmaBolt,
SSNullifierRearCannon,SSNullifierRearCannon_Name,,OmniTarget4000LinkedWeaponUpdate,ShowModule ScanPitch30,SSNullifierRearCannon_Desc,,,1,6,0.2,2,0,0,0,1,0,0.104719755,0.104719755,-1,3.141592654,3.141592654,0,500,600,1500,17,0,0,60,7,1,Direct,Bolt,2,18,600,0,0,NullifierPlasmaBolt,
CosmeticAnimation,CosmeticAnimation_Name,,CosmeticAnimationUpdate,,CosmeticAnimation_Desc,,,1,1,1,0,0,0,0,0,0,0.104719755,0.104719755,-1,0,3.141592654,0,1,2,3,0,0,0,60,1,1,Direct,Bolt,0,18,600,0,0,PlasmaBoltGreen,
CharonTurret,CharonTurret_Name,,OmniTarget4000WeaponUpdate,ShowModule,CharonTurret_Desc,8,,2.2,6,0.1,3,1,2,4,0,0,0.104719755,0.104719755,3.141592654,0.785398163,3.141592654,0,300,360,900,0,0,0,80,12,0,Direct,Kinetic,0,26,600,0,0,CharonAutocannon,
MasochistCannon,MasochistCannon_Name,,DisruptorWeaponUpdate,ShowModule,MasochistCannon_Desc,,,0.2,1,0.6,0,1,2,4,0,3,0.83775804,0.104719755,0,0.523598776,3.141592654,0,300,400,350,2,0,0,99,24,1,Direct,Bolt,5,65,1000,0,0,MasochistCannonBolt,
